{"stats":{"minecraft:killed":{"minecraft:spider":1,"minecraft:zombie":2},"minecraft:killed_by":{"minecraft:zombie":1},"minecraft:mined":{"minecraft:grass":51,"minecraft:acacia_log":1,"minecraft:grass_block":6,"minecraft:acacia_leaves":16,"minecraft:acacia_sapling":1,"minecraft:dirt":5,"minecraft:sugar_cane":1},"minecraft:custom":{"minecraft:time_since_rest":17079,"minecraft:play_time":17940,"minecraft:damage_taken":480,"minecraft:deaths":1,"minecraft:walk_one_cm":65425,"minecraft:sneak_time":13,"minecraft:mob_kills":3,"minecraft:jump":81,"minecraft:damage_dealt":1531,"minecraft:leave_game":5,"minecraft:time_since_death":16563,"minecraft:total_world_time":17940,"minecraft:fall_one_cm":1174,"minecraft:fly_one_cm":1335},"minecraft:used":{"minecraft:dirt":9,"minecraft:acacia_log":1,"minecraft:acacia_sapling":1},"minecraft:picked_up":{"minecraft:rotten_flesh":8,"minecraft:wheat_seeds":4,"minecraft:acacia_log":1,"minecraft:sugar_cane":2,"minecraft:acacia_sapling":1,"minecraft:dirt":10}},"DataVersion":3465}